{"gameTime":10.63078311085701,"playerLocation":{"x":2701.7460514159998,"y":-794.07488625766143,"z":90.149998862893639},"playerRotion":{"pitch":0,"yaw":-114.10060890337093,"roll":0},"sunPitch":7.4905557632446289}