{"name":"Player","gameTime":11.517112344503403,"playerLocation":{"x":3477.9697222518353,"y":-915.93162459795928,"z":90.149997639001327},"playerRotation":{"pitch":0,"yaw":-106.68533276339639,"roll":0},"sunPitch":12.471024513244629}