{"gameTime":10.114458709955215,"playerLocation":{"x":2671.3390680363918,"y":-716.34489775764609,"z":90.149993452338805},"playerRotion":{"pitch":0,"yaw":-100.46472189148534,"roll":0},"sunPitch":4.060056209564209}