{"gameTime":10.7042366117239,"playerLocation":{"x":3478.0511429886701,"y":-913.60938646411523,"z":90.149999039466223},"playerRotion":{"pitch":0,"yaw":-45.758988964759006,"roll":0},"sunPitch":6.984710693359375}